{
    "claude-3-opus-20240229": {
        "all": 0.45,
        "any": 0.5454545454545454
    },
    "gpt-4-0125-preview": {
        "all": 0.41818181818181815,
        "any": 0.4772727272727273
    },
    "gemini-1.0-pro": {
        "all": 0.23636363636363636,
        "any": 0.36363636363636365
    },
    "mistral-large-latest": {
        "all": 0.38181818181818183,
        "any": 0.4318181818181818
    }
}